b827ebb73166,volt,VR-40
b827eb3cbf25,beacon1,VR-40
b827eb50c58e,beacon2,VR-40
b827ebf6afb0,volt,YZ-352NCR
b827eb0c1e1c,beacon1,YZ-352NCR
b827ebe4259a,beacon2,YZ-352NCR
b827eb9513dc,volt,ROBOCUta-1C
b827eb976d70,beacon1,ROBOCUTa-1C
b827eb6cfded,beacon2,ROBOCUTa-1C
b827eb6f7fa0,volt,KID-420
b827ebbc3d5d,beacon1,KID-420
b827ebf875b8,beacon2,KID-420
b827eb4fede3,volt,KUD-650
b827eb17d89d,beacon1,KUD-650
b827ebd6cf48,beacon2,KUD-650
b827eba8276a,volt,TSL-800(1)
b827ebe67c3e,beacon1,TSL-800(1)
b827eb3a3d18,beacon2,TSL-800(1)
b827eba2bed8,volt,TSL-800(2)
b827ebf98d0c,beacon1,TSL-800(2)
b827eb616647,beacon2,TSL-800(2)
b827eb1f3fbb,volt,TSL-800(3)
b827eba14229,beacon1,TSL-800(3)
b827eb6f7053,beacon2,TSL-800(3)
b827ebeb49da,volt,VF-2
b827eba9a470,beacon1,VF-2
b827eb86638e,beacon2,VF-2
b827eb2c9b16,volt,VA
b827eb24c48a,beacon1,VA
b827eb593c5f,beacon2,VA
